first_name;Country
Arshad;
Mohamed;
Krzysztof;
Malwina;
Magdalena;
Philip;
Mehmetali;
Halmarwani;
Leo;
Piotr;
Zbigniew;
Anna;
Stefan;
Gregory;
Dominik;
Carlos;
Gunashela;
Priyambhu;
Hajnalka;
Justyna;
Małgorzata;
Andreas;
Balint;
Joanna;
Meera;
Radu;
Joanna;
Srikant;
Gabor;
Małgorzata;
Agnieszka;
Elaine;
Kemal;
Mathias;
Agnieszka;
Dominika;
Andreea;
Tomasz;
Sunita;
Marek;
Louise;
Sebastian;
Monika;
Szymon;
Małgorzata;
Monika;
Adnan;
Agnieszka;
Damian;
Leonardo;
Anna;
Tomasz;
Pedro;
Katarzyna;
Sumit;
Pascal;
Łukasz;
Ewa;
Magdalena;
Michał;
Aleksandra;
Pietro;
Marek;
Mads;
Paul;
Mihaela;
Bartosz;
Hadrien;
Anna;
Johan;
Sebastian;
Jarosław;
Robert;
Beata;
Maciej;
Magdalena;
Bruno;
Adriaan;
Andrew;
Justyna;
Krzysztof;
Kenny;
Jarosław;
Adam;
Katarzyna;
Natalia;
Piotr;
Lukas;
Magdalena;
Larisa;
Thilo;
Cornelia;
Bartosz;
Magdalena;
Laura;
Magdalena;
Justyna;
Ana;
Enrique;
Liliane;
David;
Anna;
Michał;
Maciej;
Thierry;
Anna;
Agnieszka;
Jacek;
Krzysztof;
Patrycja;
Kinga;
Łukasz;
Nico;
Adam;
Marcin;
Aneta;
Stan;
Matt;
Joel;
Fabien;
James;
Vijay;
Istvan;
Tara;
Małgorzata;
Milena;
Janusz;
Konrad;
Małgorzata;
Beata;
Janusz;
Wioletta;
Piotr;
Katarzyna;
Anna;
Agata;
Magdalena;
Monika;
Agnieszka;
Dirk;
Dariusz;
Adrienne;
Dijo;
Kamil;
Honorary;
Wim;
Antoine;
Matthias;
Roman;
Aneta;
Alan;
Marta;
Wiktor;
Michał;
Przemysław;
Martin;
Michał;
Idrys;
Artur;
Franck;
Guillaume;
Paulina;
Jill;
Tony;
Kaja;
Marcin;
Michał;
Paweł;
Mdni;
Joanna;
Bartosz;
Martyna;
Dominika;
Tomasz;
Andy;
Steven;
Niclas;
Olivier;
Katarzyna;
Krzysztof;
Paweł;
Dominika;
Mariola;
Plwofa;
André;
Anna;
Zdeno;
Przemysław;
Ewelina;
Małgorzata;
Gosia;
Łukasz;
Robert;
Michał;
Maria;
Marcin;
Aneta;
Wojciech;
Tomas;
Katarzyna;
Marta;
Ewa;
Rafał;
Michał;
Edyta;
Valters;
Linas;
Jolanta;
Ewa;
Olga;
Immanuel;
Alexander;
Terri;
Marwan;
Surojit;
Michał;
Gosia;
Anna;
Robert;
Tomasz;
Hendrik;
Goderis;
Paulina;
Anna;
Katarzyna;
Marinaldo;
Grażyna;
Urszula;
Andrzej;
Ewa;
Krzysztof;
Marta;
Arek;
Sylwester;
Christopher;
Avril;
Mirosław;
Kamila;
Ania;
Etienne;
Juriaan;
Magdalena;
Rafał;
Małgorzata;
Łukasz;
Błażej;
Venkat;
Krister;
Gino;
Rajiv;
Stephane;
Rachel;
Konrad;
Ola;
Paulina;
Graeme;
Marcin;
Kevha;
Richard;
Magdalena;
Maddee;
Aleksandra;
Marko;
Stephen;
Bastian;
Lars;
Jan;
Sandra;
Paulina;
Sergei;
Anna;
Agnieszka;
Marta;
Kevin;
Joanna;
Jules;
Laura;
Corinne;
Christophoros;
Tomek;
Dorin;
Anna;
Katarzyna;
Karolina;
Nathalie;
Anna;
Iwona;
Edyta;
Maciej;
Mirosław;
Justyna;
Karol;
Gosia;
Marcin;
Katarzyna;
Magdalena;
Frank;
Mark;
Ireneusz;
Małgorzata;
Barbara;
Jolanta;
Karolina;
Rafał;
Robert;
Karina;
Małgorzata;
Kurt;
Katarzyna;
Małgorzata;
Katarzyna;
Tomasz;
Magdalena;
Marta;
Marta;
Marta;
Anna;
Petra;
Pascal;
Łukasz;
Dominik;
Anna;
Paweł;
Anna;
Dominik;
Marek;
Przemysław;
Ola;
Hannele;
Piotr;
Justyna;
Marzena;
Janusz;
Małgorzata;
Wojciech;
Tomasz;
Joanna;
Michał;
Marcin;
Izabela;
Marzanna;
Marcin;
Beata;
Paulina;
Ulvia;
Joerg;
Beata;
Ingo;
Magdalena;
Justyna;
Michał;
Minna;
Małgorzata;
Magdalena;
Michel;
Katarzyna;
Aleksandra;
Monika;
Marta;
Radek;
Aneta;
Małgorzata;
Szymon;
Jan;
Natalia;
Magdalena;
Katarzyna;
Paweł;
Łukasz;
Mariusz;
Katarzyna;
Miłosz;
Marek;
Justyna;
Aleksandra;
Łukasz;
Mkoscianek;
Dorota;
Joanna;
Sylwia;
Szymon;
Magdalena;
Agata;
Piotr;
Piotr;
Ewa;
Berno;
Jacek;
Edyta;
Christian;
Robert;
Zuza;
Kamil;
Paweł;
Aleksandra;
Sandra;
Marta;
Adam;
Monika;
Adam;
Dariusz;
Adam;
Daniel;
Agnieszka;
Paweł;
Małgorzata;
Błażej;
Iga;
Katarina;
Marcin;
Yulia;
Petra;
Melania;
Katarzyna;
Błażej;
Kathrin;
Kurczyn;
Sylwia;
Kinga;
Beata;
Piotr;
Tomasz;
Iwona;
Kinga;
Piotr;
Jim;
Olivier;
Pavel;
Stanislava;
Łukasz;
Karolina;
Łukasz;
Katarzyna;
Amanda;
Joanna;
Maria;
Birgitte;
Victoria;
Sylwia;
Gustavo;
Maria;
Alexandre;
Małgorzata;
Jan;
Tomasz;
William;
Beata;
Liliana;
Jan;
Joanna;
Iwona;
Rajeev;
Magdalena;
Łukasz;
Markus;
Michał;
Karolina;
Paweł;
Krzysztof;
Zygmunt;
Krzysztof;
Kenneth;
John;
Hubert;
Agnes;
Marzena;
Anna;
Piotr;
Piotr;
Anna;
Ronald;
Benedikt;
Maciej;
Monika;
Andrzej;
Matthias;
Marcin;
Marta;
Anna;
Alicja;
Andrew;
Ilona;
Michał;
Marta;
Fatima;
Agnieszka;
Rajiv;
Mmalik;
Barbara;
Jan;
Miroslava;
Renata;
Magdalena;
Klaudia;
Veit;
Carlos;
Adam;
Irena;
Danuta;
Ewa;
Robert;
Agata;
Michael;
Mira;
Tomasz;
Mariana;
Charlene;
Katarzyna;
Christian;
Stefan;
Bart;
Anna;
Christian;
Ania;
Emiekus;
Radek;
Tomasz;
Anna;
Karolina;
Anna;
Krzysztof;
Izabela;
Mirosława;
Agnieszka;
Warren;
Paweł;
Marcin;
Michał;
Paulo;
Monika;
Marcelina;
Ewa;
Anna;
Adam;
Sridhar;
Marcin;
Bayan;
Anna;
Damian;
Nitin;
Marcin;
Deena;
Tomasz;
Simon;
Edward;
Magda;
Erich;
Philipp;
Marcin;
Krzysztof;
Marek;
Marcin;
Monika;
Marcin;
Agnieszka;
Piotr;
Anna;
Michał;
Rafał;
Niklas;
Łukasz;
Klaudia;
Iwona;
Martyna;
Celina;
Agata;
Agnieszka;
Olga;
Andrzej;
Maciej;
Rafał;
Carla;
Marek;
Fatih;
Lion;
Magdalena;
Andrzej;
Katarzyna;
Andrea;
Michał;
Maja;
Adam;
Piotr;
Joanna;
Joanna;
Nina;
Alicja;
Laura;
Joanna;
Peter;
Maria;
Magdalena;
Moritz;
Justyna;
Agnieszka;
Monika;
Marta;
Chiara;
Piotr;
Wojtek;
Wioletta;
Mariusz;
Paulina;
Magdalena;
Matylda;
Elemer;
Maxine;
Edyta;
Alexandre;
Barbora;
Dorota;
Ilona;
Hanna;
Ewelina;
Paweł;
Agnieszka;
Taras;
Tomasz;
Saskia;
Małgorzata;
Anna;
Piotr;
Agnieszka;
Joanna;
Żaneta;
Marta;
Natalia;
Rob;
Maciek;
Anna;
Beata;
Michał;
Marta;
Wojciech;
Mariusz;
Beata;
Adam;
Lan;
Kruthik;
Mateusz;
Rebecca;
Paula;
Mohamed;
Irmina;
Kendra;
Tadeusz;
Konrad;
Katarzyna;
Manfred;
Bartłomiej;
Miguel;
Arodycz;
Witold;
Alison;
Roger;
Toby;
Justyna;
Anna;
Paweł;
Marcin;
Rafał;
Bartosz;
Joanna;
Ewelina;
Arkadiusz;
Ewa;
Marzena;
Emanuela;
Ola;
Dominik;
Anna;
Stephen;
Anna;
Joanna;
Paweł;
Sylwia;
Sebastian;
Katarzyna;
Alvaro;
Aleksandra;
Arja;
Joanna;
Bernard;
Robert;
Robert;
Rene;
Adam;
Andreas;
Sebastian;
Łukasz;
Alok;
Muskan;
Małgorzata;
Laura;
Marcin;
Michał;
Daniel;
Mateusz;
Agnieszka;
Anna;
Przemysław;
Beata;
Magdalena;
Marta;
Tomasz;
Edyta;
Joanna;
Magdalena;
Ivaylo;
Przemysław;
Derek;
Bartłomiej;
Rafał;
Dionizy;
Marta;
Monika;
Paweł;
Bogumił;
Kaja;
Michał;
Arkadiusz;
Monika;
Joanna;
Justyna;
Hanna;
Katarzyna;
Małgorzata;
Szymon;
Gabriela;
Ewa;
Natalia;
Rafał;
Marta;
Artur;
Marc;
Rumat;
Michał;
Anna;
Patrycja;
Martin;
Dorota;
Jakub;
Wioletta;
Konrad;
Martyna;
Marcin;
Paweł;
Sebastian;
Magdalena;
Dariusz;
Agnieszka;
Marcin;
Magdalena;
Dominika;
Artur;
Marcin;
Jakub;
Agnieszka;
Patrycja;
Andrzej;
Piotr;
Kamila;
Liza;
Małgorzata;
Kinga;
Monika;
Marta;
Anna;
Justyna;
Ola;
Iryna;
Tomasz;
Joanna;
Magdalena;
Marcin;
Simo;
Katarzyna;
Krzysztof;
Piotr;
Wojciech;
Artur;
Simon;
Eileen;
Tibor;
Hardip;
Mateusz;
Wojciech;
Maciej;
Jacek;
Katarzyna;
Victor;
Arektor;
Anna;
Jacek;
Sylvain;
Anna;
Michał;
Michał;
Paweł;
Kamil;
Adam;
Michał;
Tomasz;
Michał;
Iwona;
Petr;
Asko;
Wouter;
Theo;
David;
Michael;
Marco;
Zive;
Matteo;
Lynne;
Wojciech;
Krzysztof;
Michael;
Monika;
Magdalena;
Stuart;
Filip;
Aissata;
Jason;
Dariusz;
Marcin;
Joanna;
Beate;
Marcin;
Kevin;
Grażyna;
Wiktor;
Zbigniew;
Sylwia;
Magdalena;
Łukasz;
Magdalena;
Michał;
Krzysztof;
Piotr;
Andrzej;
Boris;
Mariusz;
Sylwester;
Krzysztof;
Krzysztof;
Dorota;
Joanna;
Lwlosiak;
Barbara;
Remigiusz;
Filip;
Jakub;
Jawoj;
Roman;
Edyta;
Katarzyna;
Helen;
Dominik;
Michał;
Marta;
Inga;
Daria;
Anna;
Christian;
Ewa;
Dorota;
Beata;
Anna;
Katarzyna;
Wojciech;
Katarzyna;
Katarzyna;
Tomasz;
Anna;
Katarzyna;
Anna;
Luis;
Szymon;
Michał;
Hindrik;
Regina;
Monika;
Lukas;
Adam;
Anna;
Iwona;
Piotr;
Teona;
Oliver;
Donald;
Melanie;
Anna;
Agnieszka;
Narayan;
Monika;
Babona;
Izabella;
Marcin;
Antnio;
Małgorzata;
Anna;
Aleksandra;
Aleksandra;
Jacek;
Anna;
Przemek;
Robert;
Paulina;
Moreno;
Agnieszka;
Anna;
Marek;
Maria;
Zbigniew;
Sabina;
Lalit;
Avijit;
Rejeev;
Bartosz;
Tomasz;
Agnieszka;
Rahul;
Małgorzata;
Tomasz;
Adam;
Beata;
Jarosław;
Bartosz;
Wojciech;
Remigiusz;
Katarzyna;
Mariusz;
Marek;
Agata;
Mikołaj;
John;
Izabella;
Mikołaj;
Aleksandra;
Katalin;
Anna;
Dorota;
Lena;
Jarkko;
Sebastian;
Karol;
Donata;
Tomasz;
Marta;
Jacek;
Anne;
Richard;
Iwona;
Elwira;
Martien;
Steven;
Michael;
Gilian;
Aleksandra;
Agnieszka;
Iwona;
Magdalena;
Andrzej;
Angelika;
Max;
Piotr;
Jacek;
Piotr;
Rafał;
Faustyna;
Łukasz;
Tomasz;
Markku;
Torben;
Michał;
Peter;
Angel;
Daria;
Aleksandra;
Katarzyna;
Elżbieta;
Milan;
Marek;
Leigh;
Łukasz;
Eric;
Piotr;
Maciej;
Ewelina;
Ewa;
Artur;
Anna;
Sylwia;
Paulina;
Lion;
Agnieszka;
Andrzej;
Bastian;
Tom;
Sylwester;
Karolina;
Dhruv;
Suraj;
Noemi;
Tomasz;
Kamil;
Aneta;
Magdalena;
Łukasz;
Laila;
Rafał;
Marek;
Elias;
Marcin;
Piotr;
Artur;
Magdalena;
Armand;
Tomasz;
Patrycja;
Daniel;
Piotr;
Monika;
Marcin;
Andrew;
Thomas;
Łukasz;
Marcin;
Wojciech;
Romek;
Sean;
Jan;
Wojciech;
Anna;
Wojciech;
Piotr;
Przemek;
Jarek;
Melanie;
Karolina;
Wojciech;
Piotr;
Justyna;
Remco;
Anna;
Magda;
Danuta;
Rafał;
Asko;
Michael;
Gerard;
Ivan;
Andżelika;
Wojciech;
Robert;
Adam;
Natalia;
Maciej;
Adam;
Michał;
Dominik;
Żaneta;
Iza;
Ola;
Monika;
Bartłomiej;
Sylwia;
Anna;
Magda;
Wajih;
Katarzyna;
Robert;
Katarzyna;
Kasia;
Ines;
Sebastian;
Beata;
Asia;
Dominik;
Przemek;
Kasia;
Ewelina;
Sebastian;
Michał;
Tomasz;
Anna;
Monika;
Kamila;
Jarosław;
Danuta;
Przemek;
Izabela;
Wojtek;
Żaneta;
Katarzyna;
Łukasz;
Alexander;
Johannes;
Michał;
Andrzej;
Anna;
Jacek;
Luca;
Krystyna;
Marta;
Maciej;
Beata;
Anita;
Marta;
Monika;
Ewa;
Marcin;
Jakub;
Anna;
Marta;
Tamara;
Mateusz;
Filip;
Paulina;
Gosia;
Anita;
Anna;
Daniel;
Agnieszka;
Krystian;
Sebastian;
Adam;
Tomasz;
Piotr;
Michał;
Miłosz;
Bartłomiej;
Anna;
Arkadiusz;
Paulina;
Piotr;
Magdalena;
Olga;
Joanna;
Magdalena;
Tomasz;
Artur;
Kasia;
Izabela;
Joanna;
Janos;
Jurek;
Katarzyna;
Ewa;
Monika;
Mateusz;
Ana;
Agnieszka;
Justyna;
Natalia;
Ilona;
Daria;
Anna;
Karol;
Paula;
Monika;
Rafael;
Julia;
Iza;
Iwona;
Anna;
Adrian;
Małgorzata;
Anna;
Marta;
Michał;
Weronika;
Joanna;
Samantha;
Karol;
Eliza;
Ernest;
Agnieszka;
Artur;
Tereza;
Karolina;
Pierre;
Petr;
Agnieszka;
Sebastian;
Wajih;
Marcel;
Lars;
Jackie;
Salvatore;
Leana;
Anna;
Akos;
Jay;
Fausto;
Beata;
Robert;
Michał;
Patrycja ;
Sławek;
Bill;
Jola;
Weronika;
Anna;